Thread,Time
1,244.599343
2,247.660853
4,259.299836
8,395.111718
16,396.541650