Thread,Time
1,243.514043
2,123.801864
4,66.822866
8,51.870734
16,51.120684
